Model,Accuracy,Precision,Recall,F1,ROC-AUC
1. Baseline XGBoost,0.7330714285714286,0.7505766569275719,0.6976843910806175,0.7231646788651012,0.7995053426956222
2. Baseline LightGBM,0.7324285714285714,0.749539312039312,0.6976843910806175,0.7226828546046787,0.7994129549103527
9. Optimized Hybrid XGBoost + LightGBM,0.7326428571428572,0.7505005390420453,0.6965408805031447,0.7225146415597895,0.7977267298699525
8. Optimized XGBoost,0.7324285714285714,0.752486016159105,0.6922527158376215,0.7211137581893985,0.7976273522864824
7. Hybrid XGBoost + LightGBM,0.7344285714285714,0.7513032812020852,0.7004002287021155,0.7249593135079154,0.7968890969433786
3. XGBoost + SMOTEENN,0.734,0.7514601905932985,0.6988279016580904,0.7241890090356984,0.7966968825949003
4. LightGBM + SMOTEENN,0.7325,0.7492715841128661,0.698399085191538,0.7229414810978767,0.796155953846842
5. XGBoost + Feature Selection,0.7290714285714286,0.7481791414845809,0.69010863350486,0.7179715964012194,0.7960967191336227
6. LightGBM + Feature Selection,0.7316428571428572,0.7498071880302329,0.6948256146369354,0.7212701238964315,0.795883004778124
